symbol,name,sources,fetched_at_utc,composite_score,fundamental_label,coverage,sector,market_cap,rev_cagr_3y,rev_accel,op_margin_3y,op_margin_trend,fcf_margin_3y,valuation_metric,momentum_12_1,val_type
NVDA,Nvidia,portfolio+watchlist,2026-05-09 18:37:45,8,strong_compounder,1.0,Technology,5230436024320,100.0% (strong),decelerating,59.0% (strong),+2.1% (expanding),49.9% (strong),log=3.18 (rich),60.8% (strong momentum),EV/Sales
CAT,Caterpillar,portfolio,2026-05-09 18:44:48,6,solid,1.0,Industrials,413358260224,4.4% (slow),accelerating,18.7% (moderate),-3.3% (contracting),23.7% (strong),log=1.86 (fair),146.0% (strong momentum),EV/Sales
MU,Micron Technology,portfolio+watchlist,2026-05-09 18:44:49,3,average,1.0,Technology,842203070464,6.7% (slow),decelerating,-1.1% (negative),+41.0% (expanding),72.0% (strong),log=2.67 (rich),395.1% (strong momentum),EV/Sales
WDC,Western Digital,portfolio,2026-05-09 18:44:50,4,solid,1.0,Technology,165447434240,-20.3% (declining),accelerating,5.8% (thin),+24.8% (expanding),10.6% (positive),log=2.63 (rich),678.6% (strong momentum),EV/Sales
GEV,GE Vernova,portfolio+watchlist,2026-05-09 18:44:51,5,solid,1.0,Industrials,279509106688,8.7% (slow),stable,0.7% (thin),+4.4% (expanding),10.7% (positive),log=1.94 (fair),152.2% (strong momentum),EV/Sales
TER,Teradyne,portfolio+watchlist,2026-05-09 18:44:52,8,strong_compounder,1.0,Technology,56319172608,0.4% (slow),accelerating,20.2% (strong),+2.0% (expanding),29.0% (strong),log=2.70 (rich),380.7% (strong momentum),EV/Sales
MRVL,Marvell,portfolio+watchlist,2026-05-09 18:44:53,7,solid,1.0,Technology,148771586048,11.4% (moderate),accelerating,0.7% (thin),+23.5% (expanding),30.4% (strong),log=2.91 (rich),123.6% (strong momentum),EV/Sales
CRDO,Credo Technology Group,portfolio+watchlist,2026-05-09 18:44:54,7,solid,1.0,Technology,34769735680,60.1% (strong),accelerating,-6.8% (negative),+23.2% (expanding),15.6% (strong),log=3.45 (rich),132.7% (strong momentum),EV/Sales
ZS,ZScaler,watchlist,2026-05-09 18:44:55,3,average,1.0,Technology,24461090816,34.8% (strong),decelerating,-8.3% (negative),+5.3% (expanding),42.4% (strong),log=2.03 (fair),-49.4% (weak momentum),EV/Sales
NET,Cloudflare,watchlist,2026-05-09 18:44:56,6,solid,1.0,Technology,69307260928,30.5% (strong),stable,-11.0% (negative),+2.2% (expanding),36.4% (strong),log=3.38 (rich),34.3% (strong momentum),EV/Sales
BOX,Box,watchlist,2026-05-09 18:44:57,2,average,1.0,Technology,3560923136,5.9% (slow),stable,6.4% (thin),+1.0% (flat),33.3% (strong),log=1.80 (fair),-31.9% (weak momentum),EV/Sales
AMZN,Amazon,watchlist,2026-05-09 18:44:58,8,strong_compounder,1.0,Consumer Cyclical,2933248491520,11.7% (moderate),stable,9.4% (thin),+2.6% (expanding),31.0% (strong),log=1.40 (cheap),24.1% (strong momentum),EV/Sales
META,Meta,watchlist,2026-05-09 18:44:59,8,strong_compounder,1.0,Communication Services,1547498946560,19.9% (moderate),stable,39.4% (strong),+3.0% (expanding),81.1% (strong),log=1.98 (fair),5.7% (positive),EV/Sales
AAPL,Apple,watchlist,2026-05-09 18:37:36,7,solid,1.0,Technology,4308095467520,1.8% (slow),stable,31.1% (strong),+1.3% (flat),31.4% (strong),log=2.26 (fair),32.5% (strong momentum),EV/Sales
SYM,Symbotics,watchlist,2026-05-09 18:45:00,7,solid,1.0,Industrials,31564011520,55.9% (strong),decelerating,-9.9% (negative),+8.6% (expanding),20.9% (strong),log=0.68 (cheap),124.9% (strong momentum),EV/Sales
SIMO,Silicon Motion Technologies,watchlist,2026-05-09 18:45:01,2,average,1.0,Technology,8598687744,-2.2% (declining),decelerating,9.5% (thin),+1.5% (flat),19.8% (strong),log=3.47 (rich),143.9% (strong momentum),EV/Sales
PLTR,Palantir Technologies,watchlist,2026-05-09 18:45:02,7,solid,1.0,Technology,330349608960,32.9% (strong),accelerating,15.9% (moderate),+23.5% (expanding),40.6% (strong),log=4.12 (expensive),7.5% (positive),EV/Sales
QCOM,Qualcomm,watchlist,2026-05-09 18:45:03,6,solid,1.0,Technology,230920863744,0.1% (slow),stable,26.2% (strong),+2.8% (expanding),34.6% (strong),log=1.67 (fair),-9.7% (slightly negative),EV/Sales
RCL,Royal Caribbean Cruises,watchlist,2026-05-09 18:45:05,9,strong_compounder,1.0,Consumer Cyclical,73817980928,26.6% (strong),decelerating,24.3% (strong),+4.6% (expanding),59.1% (strong),log=1.65 (fair),20.7% (strong momentum),EV/Sales
SMCI,Super Micro Computer,watchlist,2026-05-09 18:45:06,1,average,1.0,Technology,21239044096,61.7% (strong),decelerating,8.2% (thin),-3.7% (contracting),0.7% (minimal),log=-0.15 (cheap),-21.3% (weak momentum),EV/Sales
ABT,Abbot Laboratories,watchlist,2026-05-09 18:45:07,4,solid,1.0,Healthcare,146869682176,0.5% (slow),stable,16.9% (moderate),+2.0% (flat),25.2% (strong),log=1.35 (cheap),-24.1% (weak momentum),EV/Sales
NBIS,Nebius Group,watchlist,2026-05-09 18:45:08,4,solid,1.0,Communication Services,44952674304,239.8% (strong),decelerating,-1155.8% (negative),+1560.6% (expanding),3768.1% (strong),log=4.48 (expensive),413.7% (strong momentum),EV/Sales
SU.PA,Schneider Electric SE,watchlist,2026-05-09 18:45:09,6,solid,1.0,Industrials,153128189952,5.5% (slow),stable,17.1% (moderate),+0.5% (flat),19.2% (strong),log=1.44 (cheap),16.3% (positive),EV/Sales
ADBE,Adobe,watchlist,2026-05-09 18:45:10,6,solid,1.0,Technology,102278766592,10.5% (moderate),stable,35.6% (strong),+1.5% (flat),40.2% (strong),log=1.43 (cheap),-41.3% (weak momentum),EV/Sales
AMD,Advanced Micro Devices,watchlist,2026-05-09 18:45:11,7,solid,1.0,Technology,742233079808,13.6% (moderate),accelerating,6.8% (thin),+5.7% (expanding),16.4% (strong),log=2.98 (rich),140.9% (strong momentum),EV/Sales
DIS,The Walt Disney Company,watchlist,2026-05-09 18:45:12,6,solid,1.0,Communication Services,187577958400,4.5% (slow),stable,12.6% (moderate),+3.1% (expanding),21.9% (strong),log=0.89 (cheap),-4.6% (slightly negative),EV/Sales
CRVL,Carnival Corporation,watchlist,2026-05-09 18:45:13,5,solid,1.0,Financial Services,2998971648,11.5% (moderate),stable,12.4% (moderate),+1.6% (flat),16.5% (strong),log=1.09 (cheap),-53.0% (weak momentum),EV/Sales
IBM,International Business Machines,watchlist,2026-05-09 18:45:14,7,solid,1.0,Technology,215948050432,3.7% (slow),accelerating,16.6% (moderate),+2.9% (expanding),23.9% (strong),log=1.38 (cheap),-6.9% (slightly negative),EV/Sales
RBC,RBC Bearing Incorporated,watchlist,2026-05-09 18:45:15,8,strong_compounder,1.0,Industrials,19160772608,20.2% (moderate),stable,21.9% (strong),+1.4% (flat),19.5% (strong),log=2.42 (fair),71.3% (strong momentum),EV/Sales
ESE,ESCO Industries,watchlist,2026-05-09 18:45:16,7,solid,1.0,Technology,7852722688,8.5% (slow),accelerating,15.3% (moderate),+0.7% (flat),19.2% (strong),log=1.85 (fair),78.9% (strong momentum),EV/Sales
COST,Costco Wholesale Corporation,watchlist,2026-05-09 18:45:17,3,average,1.0,Consumer Defensive,447552225280,6.6% (slow),stable,3.6% (thin),+0.3% (flat),6.5% (positive),log=0.44 (cheap),-0.5% (slightly negative),EV/Sales
CBRE,CBRE Group,watchlist,2026-05-09 18:45:18,3,average,1.0,Real Estate,42847850496,9.6% (slow),stable,3.4% (thin),-0.3% (flat),4.3% (minimal),log=0.22 (cheap),12.5% (positive),EV/Sales
ORCL,Oracle Corporation,watchlist,2026-05-09 18:45:19,7,solid,1.0,Technology,563561234432,10.6% (moderate),stable,29.8% (strong),+2.5% (expanding),57.7% (strong),log=2.38 (fair),-7.2% (slightly negative),EV/Sales
TKR,The Timken Company,watchlist,2026-05-09 18:45:21,6,solid,1.0,Industrials,8198267904,0.6% (slow),stable,13.5% (moderate),-1.7% (flat),14.9% (positive),log=0.78 (cheap),58.7% (strong momentum),EV/Sales
ABBV,Abbvie Inc.,watchlist,2026-05-09 18:45:22,7,solid,1.0,Healthcare,356494049280,1.8% (slow),stable,26.3% (strong),+9.8% (expanding),37.2% (strong),log=1.90 (fair),14.7% (positive),EV/Sales
CRWD,Crowdstrike Holdings,watchlist,2026-05-09 18:45:23,0,average,1.0,Technology,134336749568,29.0% (strong),decelerating,-3.2% (negative),-4.3% (contracting),43.3% (strong),log=3.29 (rich),-11.6% (weak momentum),EV/Sales
CHKP,Check Point Software Technologies LTD,watchlist,2026-05-09 18:45:24,4,solid,1.0,Technology,11979475968,5.4% (slow),stable,34.0% (strong),-5.2% (contracting),43.6% (strong),log=1.41 (cheap),-38.7% (weak momentum),EV/Sales
FTNT,Fortinet Inc.,watchlist,2026-05-09 18:45:25,6,solid,1.0,Technology,83510878208,15.5% (moderate),stable,28.1% (strong),+3.8% (expanding),42.7% (strong),log=2.44 (fair),-21.5% (weak momentum),EV/Sales
SAIL,SailPoint Inc.,watchlist,2026-05-09 18:45:26,1,average,1.0,Technology,6937132032,33.5% (strong),stable,-32.7% (negative),+6.0% (expanding),-12.5% (burning cash),log=1.81 (fair),-44.2% (weak momentum),EV/Sales
RPD,Rapid 7 Inc.,watchlist,2026-05-09 18:45:27,2,average,1.0,Technology,461131264,7.9% (slow),decelerating,0.5% (thin),+1.3% (flat),19.7% (strong),log=-0.13 (cheap),-79.9% (weak momentum),EV/Sales
QUAL,Qualys Inc.,watchlist,2026-05-09 18:45:28,1,average,0.29,,,no data,no data,no data,no data,no data,log=3.33 (rich),17.5% (positive),P/E
TENB,Tenable Holdings Inc.,watchlist,2026-05-09 18:45:29,4,solid,1.0,Technology,2407237120,13.5% (moderate),stable,-2.2% (negative),+2.4% (expanding),24.5% (strong),log=0.88 (cheap),-49.9% (weak momentum),EV/Sales
OKTA,Okta Inc,watchlist,2026-05-09 18:45:30,4,solid,1.0,Technology,14711567360,16.3% (moderate),stable,-5.8% (negative),+16.6% (expanding),28.1% (strong),log=1.47 (cheap),-47.9% (weak momentum),EV/Sales
TRMB,Trimble Inc.,watchlist,2026-05-09 18:45:31,4,solid,1.0,Technology,14173179904,-0.8% (declining),stable,14.3% (moderate),+4.1% (expanding),14.5% (positive),log=1.43 (cheap),-3.9% (slightly negative),EV/Sales
RKLB,Rocket Labs Corporation,watchlist,2026-05-09 18:45:32,1,average,1.0,Industrials,61040865280,41.8% (strong),decelerating,-51.4% (negative),+20.1% (expanding),-5.1% (burning cash),log=4.48 (expensive),194.6% (strong momentum),EV/Sales
FLY,Firefly Aerospace,watchlist,2026-05-09 18:45:33,0,average,0.71,Industrials,6358133248,no data,accelerating,-247.8% (negative),+127.1% (expanding),-114.2% (burning cash),log=3.46 (rich),no data,EV/Sales
TSLA,Tesla Inc.,watchlist,2026-05-09 18:45:34,3,average,1.0,Consumer Cyclical,1608764358656,5.2% (slow),stable,7.4% (thin),-3.5% (contracting),24.8% (strong),log=2.78 (rich),22.5% (strong momentum),EV/Sales
RIVN,Rivian Technologies Corp.,watchlist,2026-05-09 18:45:35,4,solid,1.0,Consumer Cyclical,19095560192,48.1% (strong),stable,-96.8% (negative),+45.3% (expanding),-27.0% (burning cash),log=1.20 (cheap),12.8% (positive),EV/Sales
PTC,PTC Inc.,watchlist,2026-05-09 18:45:36,7,solid,1.0,Technology,16938924032,12.3% (moderate),accelerating,27.9% (strong),+12.7% (expanding),31.9% (strong),log=1.79 (fair),-19.0% (weak momentum),EV/Sales
DLR,Digital Realty Trust Inc.,watchlist,2026-05-09 18:45:37,3,average,0.86,Real Estate,69862203392,9.2% (slow),accelerating,14.0% (moderate),+1.6% (flat),no data,log=2.64 (rich),16.6% (positive),EV/Sales
VRSN,Veronis Systems,watchlist,2026-05-09 18:45:38,4,solid,1.0,Technology,26227109888,5.2% (slow),stable,67.5% (strong),+0.2% (flat),62.4% (strong),log=2.79 (rich),-7.8% (slightly negative),EV/Sales
RXRX,Recursion Pharmaceuticals,watchlist,2026-05-09 18:45:39,-4,deteriorating,1.0,Healthcare,1762130432,23.2% (moderate),decelerating,-829.9% (negative),-64.4% (contracting),-567.1% (burning cash),log=2.88 (rich),-25.3% (weak momentum),EV/Sales
APLD,Applied Digital Corporation,watchlist,2026-05-09 18:45:40,4,solid,1.0,Technology,11787993088,156.5% (strong),decelerating,-38.8% (negative),+16.3% (expanding),283.2% (strong),log=3.77 (expensive),377.5% (strong momentum),EV/Sales
SOUN,Sound Hound AI,watchlist,2026-05-09 18:45:42,1,average,1.0,Technology,3785347072,75.7% (strong),accelerating,-130.0% (negative),+29.5% (expanding),-110.3% (burning cash),log=3.03 (rich),-34.0% (weak momentum),EV/Sales
HPE,HP Enterprise,watchlist,2026-05-09 18:45:43,6,solid,1.0,Technology,41596878848,6.4% (slow),accelerating,7.2% (thin),-3.5% (contracting),20.8% (strong),log=0.49 (cheap),51.3% (strong momentum),EV/Sales
IONQ,IonQ Inc.,watchlist,2026-05-09 18:45:44,1,average,1.0,Technology,18379812864,126.9% (strong),accelerating,-580.9% (negative),+140.3% (expanding),-234.7% (burning cash),log=4.43 (expensive),-9.6% (slightly negative),EV/Sales
QUBT,Quantum Computing Inc.,watchlist,2026-05-09 18:45:45,-2,weak,1.0,Technology,2165012736,71.2% (strong),accelerating,-7257.8% (negative),-347.3% (contracting),-3571.8% (burning cash),log=7.33 (expensive),-16.4% (weak momentum),EV/Sales
RGTI,Rigetti Computing,watchlist,2026-05-09 18:45:46,-4,deteriorating,1.0,Technology,6294624768,-18.5% (declining),decelerating,-807.7% (negative),-580.0% (contracting),-424.9% (burning cash),log=6.72 (expensive),42.4% (strong momentum),EV/Sales
QBTS,D-Wave Systems Inc.,watchlist,2026-05-09 18:45:47,3,average,1.0,Technology,8360524288,50.8% (strong),accelerating,-734.3% (negative),+489.1% (expanding),-472.2% (burning cash),log=5.72 (expensive),36.8% (strong momentum),EV/Sales
NFLX,Netflix,watchlist,2026-05-09 18:45:48,7,solid,1.0,Communication Services,368402759680,12.6% (moderate),stable,25.6% (strong),+5.8% (expanding),22.2% (strong),log=2.07 (fair),-10.0% (slightly negative),EV/Sales
DOMO,Domo Inc,watchlist,2026-05-09 18:45:49,1,average,1.0,Technology,173362176,1.1% (slow),stable,-15.5% (negative),+6.4% (expanding),3.4% (minimal),log=-0.15 (cheap),-70.6% (weak momentum),EV/Sales
SNOW,Snowflake,watchlist,2026-05-09 18:45:50,4,solid,1.0,Technology,52701962240,31.4% (strong),stable,-36.6% (negative),+8.9% (expanding),30.2% (strong),log=2.39 (fair),-30.4% (weak momentum),EV/Sales
GILD,Gilead Sciences,watchlist,2026-05-09 18:45:51,8,strong_compounder,1.0,Healthcare,163055386624,2.6% (slow),stable,36.4% (strong),+5.0% (expanding),35.7% (strong),log=1.79 (fair),45.4% (strong momentum),EV/Sales
AMAT,Applied Materials Inc.,watchlist,2026-05-09 18:45:52,6,solid,1.0,Technology,345569492992,3.2% (slow),stable,29.2% (strong),+1.0% (flat),36.4% (strong),log=2.50 (rich),158.4% (strong momentum),EV/Sales
AGX,"Argan, Inc.",watchlist,2026-05-09 18:45:53,8,strong_compounder,1.0,Industrials,9496745984,27.6% (strong),decelerating,10.2% (moderate),+6.0% (expanding),28.4% (strong),log=2.21 (fair),254.6% (strong momentum),EV/Sales
PEG,"Public Service Enterprise Group, Inc.",watchlist,2026-05-09 18:45:54,6,solid,1.0,Utilities,38435528704,7.5% (slow),accelerating,26.7% (strong),-3.3% (contracting),57.0% (strong),log=1.59 (fair),8.0% (positive),EV/Sales
VRT,Vertiv Holdings Co,watchlist,2026-05-09 18:45:55,9,strong_compounder,1.0,Industrials,130585468928,21.6% (moderate),accelerating,16.4% (moderate),+3.2% (expanding),18.9% (strong),log=2.49 (fair),208.6% (strong momentum),EV/Sales
CEG,Constellation Energy Corporation,watchlist,2026-05-09 18:45:56,5,solid,1.0,Utilities,110003527680,1.5% (slow),accelerating,15.5% (moderate),+1.4% (flat),5.7% (positive),log=1.51 (fair),6.4% (positive),EV/Sales
VST,Vistra Corp.,watchlist,2026-05-09 18:45:57,4,solid,1.0,Utilities,49781641216,8.9% (slow),decelerating,18.0% (moderate),-9.0% (contracting),41.8% (strong),log=1.31 (cheap),10.4% (positive),EV/Sales
TLN,Talen Energy Corporation,watchlist,2026-05-09 18:45:58,6,solid,1.0,Utilities,17655179264,13.9% (moderate),accelerating,4.3% (thin),-5.5% (contracting),25.6% (strong),log=1.98 (fair),40.6% (strong momentum),EV/Sales
NEE,"NextEra Energy, Inc.",watchlist,2026-05-09 18:45:59,7,solid,1.0,Utilities,194145288192,9.4% (slow),accelerating,31.0% (strong),-2.6% (contracting),80.5% (strong),log=2.40 (fair),41.8% (strong momentum),EV/Sales
NRG,"NRG Energy, Inc.",watchlist,2026-05-09 18:46:00,6,solid,1.0,Utilities,29139341312,-0.9% (declining),accelerating,3.6% (thin),+4.1% (expanding),7.1% (positive),log=0.49 (cheap),37.5% (strong momentum),EV/Sales
CCJ,Cameco Corporation,watchlist,2026-05-09 18:46:01,6,solid,1.0,Energy,50848477184,23.1% (moderate),decelerating,15.1% (moderate),+4.2% (expanding),39.4% (strong),log=2.66 (rich),136.1% (strong momentum),EV/Sales
OKLO,Oklo Inc.,watchlist,2026-05-09 18:46:02,0,average,0.57,Utilities,12610927616,no data,no data,-inf% (negative),+nan% (flat),-inf% (burning cash),no data,86.5% (strong momentum),NA
BWXT,"BWX Technologies, Inc.",watchlist,2026-05-09 18:46:03,7,solid,1.0,Industrials,18811236352,12.7% (moderate),accelerating,11.9% (moderate),-2.6% (contracting),20.7% (strong),log=1.79 (fair),114.1% (strong momentum),EV/Sales
CMI,Cummins Inc.,watchlist,2026-05-09 18:46:04,6,solid,1.0,Industrials,93770473472,6.2% (slow),stable,8.4% (thin),+4.7% (expanding),12.5% (positive),log=1.08 (cheap),104.8% (strong momentum),EV/Sales
EOG,"EOG Resources, Inc.",watchlist,2026-05-09 18:46:05,6,solid,1.0,Energy,69257691136,-8.5% (declining),stable,35.3% (strong),-4.7% (contracting),76.2% (strong),log=1.14 (cheap),27.6% (strong momentum),EV/Sales
GNRC,Generac Holdings Inc.,watchlist,2026-05-09 18:46:06,3,average,1.0,Industrials,15859811328,-2.7% (declining),decelerating,9.7% (thin),-4.2% (contracting),17.0% (strong),log=1.37 (cheap),71.7% (strong momentum),EV/Sales
SNPS,"Synopsys, Inc.",watchlist,2026-05-09 18:46:07,3,average,1.0,Technology,98937954304,15.2% (moderate),stable,20.0% (strong),-10.6% (contracting),28.3% (strong),log=2.60 (rich),-19.0% (weak momentum),EV/Sales
CDNS,"Cadence Design Systems, Inc.",watchlist,2026-05-09 18:46:08,4,solid,1.0,Technology,100038467584,14.1% (moderate),stable,30.6% (strong),+0.8% (flat),33.7% (strong),log=2.91 (rich),-13.7% (weak momentum),EV/Sales
P,"Everpure, Inc.",watchlist,2026-05-09 18:46:09,5,solid,1.0,Technology,25961048064,10.0% (slow),stable,3.1% (thin),-0.0% (flat),31.0% (strong),log=1.94 (fair),24.4% (strong momentum),EV/Sales
TSM,Taiwan Semiconductor Manufacturing Company,watchlist,2026-05-09 18:46:10,10,strong_compounder,1.0,Technology,2135137189888,18.9% (moderate),stable,46.4% (strong),+6.7% (expanding),97.2% (strong),log=0.71 (cheap),114.1% (strong momentum),EV/Sales
DOCN,"DigitalOcean Holdings, Inc.",watchlist,2026-05-09 18:46:11,7,solid,1.0,Technology,17110507520,16.1% (moderate),stable,11.3% (moderate),+9.2% (expanding),58.7% (strong),log=2.94 (rich),152.9% (strong momentum),EV/Sales
NTSK,"Netskope, Inc.",watchlist,2026-05-09 18:46:12,-2,weak,0.71,Technology,4651652096,no data,stable,-72.1% (negative),-29.8% (contracting),-11.7% (burning cash),log=1.79 (fair),no data,EV/Sales
KVUE,Kenvue Inc.,watchlist,2026-05-09 18:46:13,4,solid,1.0,Consumer Defensive,33772953600,0.4% (slow),stable,17.0% (moderate),+1.4% (flat),18.5% (strong),log=1.00 (cheap),-24.8% (weak momentum),EV/Sales
UTI,"Universal Technical Institute, Inc.",watchlist,2026-05-09 18:46:14,7,solid,1.0,Consumer Defensive,1967893760,25.9% (strong),decelerating,7.2% (thin),+4.2% (expanding),16.4% (strong),log=0.89 (cheap),8.6% (positive),EV/Sales
CLBT,Cellebrite DI Ltd.,watchlist,2026-05-09 18:46:15,4,solid,1.0,Technology,3397370368,20.7% (moderate),stable,12.8% (moderate),+1.8% (flat),36.2% (strong),log=1.84 (fair),-42.8% (weak momentum),EV/Sales
PLD,"Prologis, Inc.",watchlist,2026-05-09 18:46:16,5,solid,0.86,Real Estate,134340575232,13.7% (moderate),stable,38.4% (strong),+0.7% (flat),no data,log=2.92 (rich),34.6% (strong momentum),EV/Sales
ROK,"Rockwell Automation, Inc.",watchlist,2026-05-09 18:46:17,7,solid,1.0,Industrials,50506137600,2.4% (slow),accelerating,16.7% (moderate),+0.5% (flat),17.0% (strong),log=1.82 (fair),38.1% (strong momentum),EV/Sales
SIEGY,Siemens AG,watchlist,2026-05-09 18:46:18,6,solid,1.0,Industrials,241508139008,3.1% (slow),stable,12.2% (moderate),-1.0% (flat),19.1% (strong),log=0.76 (cheap),12.1% (positive),EV/Sales
ABBNY,ABB Ltd,watchlist,2026-05-09 18:46:19,8,strong_compounder,1.0,Industrials,193350025216,4.1% (slow),accelerating,15.4% (moderate),+2.7% (expanding),17.7% (strong),log=1.74 (fair),69.3% (strong momentum),EV/Sales
ESTC,Elastic N.V.,watchlist,2026-05-09 18:46:20,3,average,1.0,Technology,5407927808,19.8% (moderate),stable,-10.4% (negative),+10.0% (expanding),11.3% (positive),log=1.04 (cheap),-49.8% (weak momentum),EV/Sales
PYPL,"PayPal Holdings, Inc.",watchlist,2026-05-09 18:46:21,4,solid,1.0,Financial Services,40021123072,6.4% (slow),stable,18.0% (moderate),+1.9% (flat),21.9% (strong),log=0.23 (cheap),-35.5% (weak momentum),EV/Sales
WIX,Wix.com Ltd.,watchlist,2026-05-09 18:46:22,3,average,1.0,Technology,4672130048,12.8% (moderate),stable,2.1% (thin),-3.0% (contracting),26.4% (strong),log=0.88 (cheap),-62.2% (weak momentum),EV/Sales
GE,GE Aerospace,watchlist,2026-05-09 18:46:23,9,strong_compounder,1.0,Industrials,310471131136,16.3% (moderate),accelerating,16.6% (moderate),+3.5% (expanding),17.8% (strong),log=1.89 (fair),44.5% (strong momentum),EV/Sales
AI,"C3.ai, Inc.",watchlist,2026-05-09 18:46:24,2,average,1.0,Technology,1434024320,15.5% (moderate),accelerating,-98.3% (negative),+22.3% (expanding),-12.5% (burning cash),log=1.04 (cheap),-64.7% (weak momentum),EV/Sales
LHX,"L3Harris Technologies, Inc.",watchlist,2026-05-09 18:46:26,3,average,1.0,Industrials,55821418496,8.6% (slow),decelerating,9.5% (thin),+0.5% (flat),14.4% (positive),log=1.74 (fair),64.7% (strong momentum),EV/Sales
TRI,Thomson Reuters Corporation,watchlist,2026-05-09 18:46:27,4,solid,1.0,Industrials,40571920384,4.1% (slow),stable,27.1% (strong),-0.8% (flat),42.9% (strong),log=1.72 (fair),-54.6% (weak momentum),EV/Sales
RELX,RELX PLC,watchlist,2026-05-09 18:46:28,4,solid,1.0,Industrials,59562958848,3.9% (slow),stable,29.9% (strong),+1.8% (flat),33.3% (strong),log=1.96 (fair),-37.4% (weak momentum),EV/Sales
CACI,CACI International Inc,watchlist,2026-05-09 18:46:29,5,solid,1.0,Technology,10625695744,11.6% (moderate),stable,8.6% (thin),+0.4% (flat),7.1% (positive),log=0.56 (cheap),12.2% (positive),EV/Sales
GEO,"The GEO Group, Inc.",watchlist,2026-05-09 18:46:30,3,average,1.0,Industrials,2907534080,3.5% (slow),accelerating,12.9% (moderate),-2.5% (contracting),12.7% (positive),log=0.49 (cheap),-33.3% (weak momentum),EV/Sales
MSI,"Motorola Solutions, Inc.",watchlist,2026-05-09 18:46:31,6,solid,1.0,Technology,63740641280,8.6% (slow),stable,24.6% (strong),+1.1% (flat),24.7% (strong),log=1.93 (fair),6.8% (positive),EV/Sales
GD,General Dynamics Corporation,watchlist,2026-05-09 18:46:32,7,solid,1.0,Industrials,93712171008,10.1% (moderate),stable,10.1% (moderate),+0.1% (flat),11.9% (positive),log=0.62 (cheap),25.5% (strong momentum),EV/Sales
BAH,Booz Allen Hamilton Holding Corp.,watchlist,2026-05-09 18:46:33,4,solid,1.0,Industrials,9290592256,12.7% (moderate),stable,8.6% (thin),+4.3% (expanding),6.5% (positive),log=0.10 (cheap),-35.2% (weak momentum),EV/Sales
RBRK,"Rubrik, Inc.",watchlist,2026-05-09 18:46:34,4,solid,1.0,Technology,12830185472,29.9% (strong),accelerating,-67.7% (negative),+62.1% (expanding),11.9% (positive),log=2.22 (fair),-42.8% (weak momentum),EV/Sales
JOBY,"Joby Aviation, Inc.",watchlist,2026-05-09 18:46:35,1,average,0.86,Industrials,10692198400,no data,accelerating,-161960.7% (negative),+240920.7% (expanding),-106405.9% (burning cash),log=4.75 (expensive),25.4% (strong momentum),EV/Sales
NTNX,"Nutanix, Inc.",watchlist,2026-05-09 18:46:36,4,solid,1.0,Technology,12390048768,17.1% (moderate),stable,-1.3% (negative),+12.2% (expanding),29.4% (strong),log=1.49 (cheap),-53.8% (weak momentum),EV/Sales
HTHIY,"Hitachi, Ltd.",watchlist,2026-05-09 18:46:38,3,average,1.0,Industrials,143542419456,-1.6% (declining),accelerating,8.2% (thin),+2.6% (expanding),13.7% (positive),log=3.34 (rich),14.1% (positive),P/E
ALAB,"Astera Labs, Inc.",watchlist,2026-05-09 18:46:39,5,solid,1.0,Technology,34245591040,120.2% (strong),decelerating,-11.5% (negative),+47.7% (expanding),25.5% (strong),log=3.50 (rich),108.1% (strong momentum),EV/Sales
LOW,"Lowe’s Companies, Inc.",watchlist,2026-05-09 18:46:40,5,solid,1.0,Consumer Cyclical,128366419968,-3.8% (declining),accelerating,12.6% (moderate),-1.2% (flat),13.2% (positive),log=0.69 (cheap),10.4% (positive),EV/Sales
AUTO.OL,AutoStore Holdings Ltd.,watchlist,2026-05-09 18:46:41,5,solid,1.0,Technology,44964417536,-2.6% (declining),stable,20.4% (strong),+8.7% (expanding),30.9% (strong),log=4.29 (expensive),91.9% (strong momentum),EV/Sales
CART,Maplebear Inc. (Instacart),watchlist,2026-05-09 18:46:42,5,solid,1.0,Consumer Cyclical,9483452416,13.6% (moderate),stable,-14.2% (negative),+41.3% (expanding),23.6% (strong),log=0.87 (cheap),-8.6% (slightly negative),EV/Sales
APP,AppLovin Corporation,watchlist,2026-05-09 18:46:43,6,solid,1.0,Communication Services,157404463104,24.8% (moderate),decelerating,59.0% (strong),+25.1% (expanding),66.7% (strong),log=3.25 (rich),15.3% (positive),EV/Sales
STX,Seagate Technology Holdings plc,watchlist,2026-05-09 18:46:44,5,solid,1.0,Technology,175490580480,-7.9% (declining),accelerating,9.4% (thin),+17.4% (expanding),16.6% (strong),log=2.79 (rich),429.2% (strong momentum),EV/Sales
DX,"Dynex Capital, Inc.",watchlist,2026-05-09 18:46:45,2,average,0.57,Real Estate,2885173760,28.1% (strong),decelerating,no data,no data,no data,log=4.34 (expensive),22.6% (strong momentum),EV/Sales
CWEN,"Clearway Energy, Inc.",watchlist,2026-05-09 18:46:46,5,solid,1.0,Utilities,9162092544,6.3% (slow),stable,16.1% (moderate),-5.7% (contracting),75.1% (strong),log=2.50 (fair),50.8% (strong momentum),EV/Sales
VOO,Vanguard S&P 500 ETF,watchlist,2026-05-09 18:46:47,2,average,0.29,,,no data,no data,no data,no data,no data,log=3.38 (rich),21.7% (strong momentum),P/E
LITE,Lumentum Holdings Inc.,watchlist,2026-05-09 18:46:48,4,solid,1.0,Technology,70315638784,-1.3% (declining),accelerating,-14.4% (negative),+4.1% (expanding),17.0% (strong),log=3.26 (rich),1266.6% (strong momentum),EV/Sales
CLS,Celestica Inc.,watchlist,2026-05-09 18:46:49,8,strong_compounder,1.0,Technology,43178147840,19.6% (moderate),accelerating,6.5% (thin),+3.2% (expanding),6.4% (positive),log=1.15 (cheap),264.7% (strong momentum),EV/Sales
GTLB,GitLab Inc.,watchlist,2026-05-09 18:46:51,3,average,1.0,Technology,4386770944,31.1% (strong),decelerating,-19.5% (negative),+18.2% (expanding),8.0% (positive),log=1.21 (cheap),-60.8% (weak momentum),EV/Sales
INTC,Intel Corporation,watchlist,2026-05-09 18:46:52,4,solid,1.0,Technology,627847921664,-5.7% (declining),stable,-3.0% (negative),+4.4% (expanding),58.5% (strong),log=2.50 (fair),197.0% (strong momentum),EV/Sales
SOLS,Solstice Advanced Materials,watchlist,2026-05-09 18:46:53,5,solid,0.86,Basic Materials,12426434560,2.7% (slow),stable,21.2% (strong),-3.5% (contracting),26.7% (strong),log=1.27 (cheap),no data,EV/Sales
POWL,"Powell Industries, Inc.",watchlist,2026-05-09 18:46:54,8,strong_compounder,1.0,Industrials,11271587840,27.5% (strong),decelerating,15.4% (moderate),+6.4% (expanding),18.5% (strong),log=2.25 (fair),290.8% (strong momentum),EV/Sales
PL,Planet Labs PBC,watchlist,2026-05-09 18:46:55,5,solid,1.0,Industrials,13913589760,17.2% (moderate),accelerating,-50.7% (negative),+29.7% (expanding),27.7% (strong),log=3.77 (expensive),860.4% (strong momentum),EV/Sales
OTEX,Open Text Corporation,watchlist,2026-05-09 18:46:56,5,solid,1.0,Technology,6289262080,13.9% (moderate),decelerating,17.7% (moderate),+3.6% (expanding),19.5% (strong),log=0.76 (cheap),-21.1% (weak momentum),EV/Sales
FIX,"Comfort Systems USA, Inc.",watchlist,2026-05-09 18:46:57,7,solid,1.0,Industrials,68728160256,30.0% (strong),decelerating,11.0% (moderate),+5.1% (expanding),14.2% (positive),log=1.95 (fair),263.7% (strong momentum),EV/Sales
DUK,Duke Energy Corporation,watchlist,2026-05-09 18:46:59,6,solid,1.0,Utilities,96802463744,3.9% (slow),stable,25.7% (strong),+1.3% (flat),80.1% (strong),log=1.75 (fair),13.7% (positive),EV/Sales
SOFI,"SoFi Technologies, Inc.",watchlist,2026-05-09 18:47:00,5,solid,0.71,Financial Services,20203173888,31.9% (strong),accelerating,no data,no data,-156.8% (burning cash),log=1.56 (fair),22.3% (strong momentum),EV/Sales
NOW,"ServiceNow, Inc.",watchlist,2026-05-09 18:47:01,5,solid,1.0,Technology,94034665472,22.4% (moderate),stable,11.5% (moderate),+3.3% (expanding),46.8% (strong),log=1.88 (fair),-57.4% (weak momentum),EV/Sales
DELL,"Dell Technologies, Inc.",watchlist,2026-05-09 18:47:02,6,solid,1.0,Technology,169348153344,3.5% (slow),accelerating,7.0% (thin),+0.6% (flat),10.9% (positive),log=0.51 (cheap),87.0% (strong momentum),EV/Sales
JCI,Johnson Controls,watchlist,2026-05-09 18:47:03,6,solid,1.0,Industrials,85123325952,4.6% (slow),stable,11.1% (moderate),+1.3% (flat),10.3% (positive),log=1.35 (cheap),57.3% (strong momentum),EV/Sales
ASSA-B.ST,ASSA ABLOY AB,watchlist,2026-05-09 18:47:04,6,solid,1.0,Industrials,394436673536,8.1% (slow),decelerating,15.7% (moderate),-0.3% (flat),16.3% (strong),log=1.12 (cheap),23.8% (strong momentum),EV/Sales
R,"Ryder System, Inc.",watchlist,2026-05-09 18:47:05,5,solid,1.0,Industrials,9252569088,0.6% (slow),decelerating,8.7% (thin),+0.1% (flat),41.0% (strong),log=0.34 (cheap),52.4% (strong momentum),EV/Sales
APH,Amphenol Corporation,watchlist,2026-05-09 18:47:06,10,strong_compounder,1.0,Technology,157506928640,22.3% (moderate),accelerating,22.7% (strong),+4.7% (expanding),24.5% (strong),log=1.89 (fair),75.9% (strong momentum),EV/Sales
ADI,"Analog Devices, Inc.",watchlist,2026-05-09 18:47:08,6,solid,1.0,Technology,203346788352,-2.8% (declining),accelerating,27.2% (strong),+0.1% (flat),48.8% (strong),log=2.87 (rich),75.3% (strong momentum),EV/Sales
CRWV,"Corweavest Systems, Inc.",watchlist,2026-05-09 18:47:09,4,solid,1.0,Technology,60294041600,586.9% (strong),decelerating,3.3% (thin),-6.3% (contracting),981.4% (strong),log=2.70 (rich),85.5% (strong momentum),EV/Sales
MITK,"Mitek Systems, Inc.",watchlist,2026-05-09 18:47:10,7,solid,1.0,Technology,704929664,7.5% (slow),stable,7.5% (thin),+3.5% (expanding),23.2% (strong),log=1.27 (cheap),53.8% (strong momentum),EV/Sales
IREN,IREN Limited,watchlist,2026-05-09 18:47:11,7,solid,1.0,Financial Services,20303661056,104.0% (strong),accelerating,-24.8% (negative),+43.9% (expanding),256.2% (strong),log=3.37 (rich),470.7% (strong momentum),EV/Sales
LTRX,"Lantronix, Inc.",watchlist,2026-05-09 18:47:12,1,average,1.0,Technology,245272272,-1.8% (declining),decelerating,-3.8% (negative),-3.0% (contracting),7.0% (positive),log=0.66 (cheap),147.6% (strong momentum),EV/Sales
HUT,HUT 8 Corp.,watchlist,2026-05-09 18:47:13,-1,weak,1.0,Financial Services,11086016512,-42.5% (declining),decelerating,-679.5% (negative),-2137.8% (contracting),1124.4% (strong),log=3.71 (expensive),366.4% (strong momentum),EV/Sales
AVGO,Broadcom Corporation,watchlist,2026-05-09 18:47:14,7,solid,1.0,Technology,2035907428352,24.4% (moderate),decelerating,38.6% (strong),+3.3% (expanding),45.2% (strong),log=3.42 (rich),80.3% (strong momentum),EV/Sales
PANW,Palo Alto Networks,watchlist,2026-05-09 18:47:15,3,average,1.0,Technology,168590688256,18.8% (moderate),stable,9.2% (thin),+6.4% (expanding),42.6% (strong),log=2.82 (rich),-17.4% (weak momentum),EV/Sales
DVA,Davita Inc.,watchlist,2026-05-09 18:47:16,6,solid,1.0,Healthcare,12750350336,5.5% (slow),stable,14.4% (moderate),+0.5% (flat),19.9% (strong),log=0.67 (cheap),4.5% (positive),EV/Sales
LUNR,Intuitive Machines Inc.,watchlist,2026-05-09 18:47:17,2,average,1.0,Industrials,4634095104,34.1% (strong),decelerating,-46.9% (negative),+7.2% (expanding),-9.0% (burning cash),log=3.24 (rich),152.1% (strong momentum),EV/Sales
AES,The AES Corporation,watchlist,2026-05-09 18:47:19,6,solid,1.0,Utilities,10219549696,-1.0% (declining),stable,16.8% (moderate),-1.0% (flat),83.7% (strong),log=1.35 (cheap),38.1% (strong momentum),EV/Sales
BALL,Ball Corporation,watchlist,2026-05-09 18:47:20,6,solid,1.0,Consumer Cyclical,15580745728,-0.5% (declining),accelerating,10.1% (moderate),+0.7% (flat),14.1% (positive),log=0.52 (cheap),22.1% (strong momentum),EV/Sales
EMR,Emerson Electric Co.,watchlist,2026-05-09 18:47:21,6,solid,1.0,Industrials,79147728896,9.3% (slow),decelerating,17.7% (moderate),+2.9% (expanding),15.9% (strong),log=1.61 (fair),30.1% (strong momentum),EV/Sales
GWW,"W.W. Grainger, Inc.",watchlist,2026-05-09 18:47:22,6,solid,1.0,Industrials,58247294976,5.6% (slow),stable,14.9% (moderate),-1.6% (flat),15.2% (strong),log=1.19 (cheap),13.1% (positive),EV/Sales
SNDK,Sandisk Corporation,watchlist,2026-05-09 18:47:23,1,average,0.86,Technology,231366557696,no data,stable,-7.0% (negative),+20.9% (expanding),-2.1% (burning cash),log=2.85 (rich),2223.4% (strong momentum),EV/Sales
KLAC,KLA Corporation,watchlist,2026-05-09 18:47:24,8,strong_compounder,1.0,Technology,244167639040,9.7% (slow),accelerating,38.8% (strong),+3.7% (expanding),37.0% (strong),log=2.93 (rich),148.9% (strong momentum),EV/Sales
ASML,ASML Holding,watchlist,2026-05-09 18:47:26,7,solid,0.86,Technology,613592662016,15.6% (moderate),accelerating,33.1% (strong),+2.2% (expanding),no data,log=2.89 (rich),110.0% (strong momentum),EV/Sales
FN,Fabrinet,watchlist,2026-05-09 18:47:27,6,solid,1.0,Technology,22260301824,14.8% (moderate),accelerating,9.6% (thin),-0.2% (flat),13.2% (positive),log=1.62 (fair),218.2% (strong momentum),EV/Sales
000660.KS,SK hynix Inc.,watchlist,2026-05-09 18:47:28,9,strong_compounder,1.0,Technology,1196815319826432,29.6% (strong),decelerating,20.2% (strong),+42.7% (expanding),64.8% (strong),log=2.17 (fair),474.0% (strong momentum),EV/Sales
BESI.AS,BE Semiconductor Industries N.V.,watchlist,2026-05-09 18:47:29,3,average,1.0,Technology,20662378496,-6.5% (declining),decelerating,32.8% (strong),-5.3% (contracting),38.8% (strong),log=3.48 (rich),71.5% (strong momentum),EV/Sales
ORA,"Ormat Technologies, Inc.",watchlist,2026-05-09 18:47:30,8,strong_compounder,1.0,Utilities,7477053952,10.5% (moderate),accelerating,19.7% (moderate),-1.9% (flat),103.5% (strong),log=2.19 (fair),56.3% (strong momentum),EV/Sales
WULF,TeraWulf Inc.,watchlist,2026-05-09 18:47:31,2,average,1.0,Financial Services,11522728960,123.8% (strong),decelerating,-61.8% (negative),-59.0% (contracting),281.6% (strong),log=4.28 (expensive),471.8% (strong momentum),EV/Sales
CIFR,Cipher Digital Inc.,watchlist,2026-05-09 18:47:32,4,solid,1.0,Technology,8405960192,319.3% (strong),accelerating,-86.4% (negative),-96.3% (contracting),80.0% (strong),log=4.08 (expensive),429.8% (strong momentum),EV/Sales
ZETA,Zeta Global Holdings Corp.,watchlist,2026-05-09 18:47:33,6,solid,1.0,Technology,4272275456,30.2% (strong),decelerating,-8.8% (negative),+16.5% (expanding),17.6% (strong),log=1.07 (cheap),9.8% (positive),EV/Sales
ONTO,Onto Innovation Inc.,watchlist,2026-05-09 18:47:34,3,average,1.0,Technology,14160501760,0.0% (slow),decelerating,16.5% (moderate),-2.2% (contracting),29.2% (strong),log=2.57 (rich),102.8% (strong momentum),EV/Sales
COHR,Coherent Corp.,watchlist,2026-05-09 18:47:35,8,strong_compounder,1.0,Technology,65590042624,20.5% (moderate),accelerating,4.5% (thin),+7.1% (expanding),19.4% (strong),log=2.32 (fair),335.6% (strong momentum),EV/Sales
ARM,Arm Holdings plc,watchlist,2026-05-09 18:47:37,6,solid,1.0,Technology,226918989824,14.0% (moderate),stable,16.6% (moderate),+6.3% (expanding),28.4% (strong),log=3.87 (expensive),27.8% (strong momentum),EV/Sales
WMT,Walmart Inc.,watchlist,2026-05-09 18:47:38,5,solid,1.0,Consumer Defensive,1039656222720,5.3% (slow),stable,4.2% (thin),-0.1% (flat),9.0% (positive),log=0.44 (cheap),31.3% (strong momentum),EV/Sales
PCOR,"Procore Technologies, Inc.",watchlist,2026-05-09 18:47:39,2,average,1.0,Technology,8039430144,22.5% (moderate),decelerating,-14.6% (negative),+7.9% (expanding),22.2% (strong),log=1.70 (fair),-28.9% (weak momentum),EV/Sales
EPAM,"EPAM Systems, Inc.",watchlist,2026-05-09 18:47:40,4,solid,1.0,Technology,5184217088,4.2% (slow),accelerating,10.8% (moderate),-1.8% (flat),12.6% (positive),log=-0.21 (cheap),-31.9% (weak momentum),EV/Sales
AKAM,"Akamai Technologies, Inc.",watchlist,2026-05-09 18:47:41,4,solid,1.0,Technology,21565661184,5.2% (slow),stable,16.4% (moderate),-2.3% (contracting),55.1% (strong),log=1.83 (fair),6.9% (positive),EV/Sales
WM,"Waste Management, Inc.",watchlist,2026-05-09 18:47:42,6,solid,1.0,Industrials,86487367680,8.6% (slow),accelerating,18.6% (moderate),-0.5% (flat),37.7% (strong),log=1.46 (cheap),-0.1% (slightly negative),EV/Sales
LMT,Lockheed Martin Corporation,watchlist,2026-05-09 18:47:43,6,solid,1.0,Industrials,116782776320,4.4% (slow),stable,10.9% (moderate),-0.9% (flat),13.3% (positive),log=0.59 (cheap),32.9% (strong momentum),EV/Sales
ACLS,"Axcelis Technologies, Inc.",watchlist,2026-05-09 18:47:44,3,average,1.0,Technology,5010400768,-3.0% (declining),decelerating,19.5% (moderate),-7.9% (contracting),15.4% (strong),log=1.71 (fair),87.5% (strong momentum),EV/Sales
ACMR,"ACM Research, Inc.",watchlist,2026-05-09 18:47:45,6,solid,1.0,Technology,3962959872,32.3% (strong),decelerating,16.2% (moderate),-6.1% (contracting),11.3% (positive),log=1.30 (cheap),114.3% (strong momentum),EV/Sales
AEHR,Aehr Test Systems,watchlist,2026-05-09 18:47:46,0,average,1.0,Technology,3058200064,5.1% (slow),decelerating,9.2% (thin),-26.1% (contracting),5.7% (positive),log=4.20 (expensive),735.5% (strong momentum),EV/Sales
ON,onsemi,watchlist,2026-05-09 18:47:47,5,solid,1.0,Technology,40444407808,-10.4% (declining),stable,23.7% (strong),-16.7% (contracting),38.1% (strong),log=1.92 (fair),72.6% (strong momentum),EV/Sales
BRZE,"Braze, Inc.",watchlist,2026-05-09 18:47:48,4,solid,1.0,Technology,2464105728,27.6% (strong),stable,-23.6% (negative),+6.0% (expanding),8.3% (positive),log=1.06 (cheap),-43.6% (weak momentum),EV/Sales
GOOG,Alphabet Inc.,watchlist,2026-05-09 18:47:49,9,strong_compounder,1.0,Communication Services,4810436771840,12.5% (moderate),stable,30.5% (strong),+2.3% (expanding),52.7% (strong),log=2.43 (fair),103.4% (strong momentum),EV/Sales
MSFT,Microsoft Corporation,watchlist,2026-05-09 18:37:44,6,solid,1.0,Technology,3083691884544,12.4% (moderate),stable,44.0% (strong),+2.4% (expanding),64.1% (strong),log=2.29 (fair),-14.7% (weak momentum),EV/Sales
PATH,"UiPath, Inc.",watchlist,2026-05-09 18:47:50,4,solid,1.0,Technology,5653116928,15.0% (moderate),stable,-6.8% (negative),+15.5% (expanding),23.7% (strong),log=0.97 (cheap),-24.6% (weak momentum),EV/Sales
XYZ,"Block, Inc.",watchlist,2026-05-09 18:47:51,6,solid,1.0,Technology,44549296128,11.3% (moderate),decelerating,7.1% (thin),+8.2% (expanding),6.7% (positive),log=0.62 (cheap),24.1% (strong momentum),EV/Sales
CIEN,Ciena Corporation,watchlist,2026-05-09 18:47:52,4,solid,1.0,Technology,77501890560,9.5% (slow),accelerating,6.7% (thin),-0.3% (flat),14.1% (positive),log=2.72 (rich),563.3% (strong momentum),EV/Sales
AAOI,"Applied Optoelectronics, Inc.",watchlist,2026-05-09 18:47:53,4,solid,1.0,Technology,11951357952,26.9% (strong),accelerating,-19.3% (negative),+12.5% (expanding),-2.8% (burning cash),log=3.15 (rich),920.3% (strong momentum),EV/Sales
LRCX,Lam Research Corporation,watchlist,2026-05-09 18:47:54,8,strong_compounder,1.0,Technology,367730393088,2.3% (slow),accelerating,30.2% (strong),+2.7% (expanding),34.7% (strong),log=2.83 (rich),254.6% (strong momentum),EV/Sales
CAMT,Camtek Ltd.,watchlist,2026-05-09 18:47:55,7,solid,1.0,Technology,9567600640,15.6% (moderate),decelerating,23.9% (strong),+2.9% (expanding),30.1% (strong),log=2.94 (rich),153.1% (strong momentum),EV/Sales
U,Unity Software Inc.,watchlist,2026-05-09 18:47:56,5,solid,1.0,Technology,12292826112,10.0% (slow),accelerating,-35.2% (negative),+14.0% (expanding),19.0% (strong),log=1.89 (fair),4.7% (positive),EV/Sales
TGEN,Tecogen Inc.,watchlist,2026-05-09 18:47:57,-2,weak,1.0,Industrials,138461216,2.7% (slow),accelerating,-21.1% (negative),-7.9% (contracting),-5.3% (burning cash),log=1.56 (fair),-16.2% (weak momentum),EV/Sales
PSIX,"Power Solutions International, Inc.",watchlist,2026-05-09 18:47:58,8,strong_compounder,1.0,Industrials,1749759744,14.5% (moderate),accelerating,14.0% (moderate),+1.8% (flat),11.7% (positive),log=0.95 (cheap),179.8% (strong momentum),EV/Sales
LBRT,Liberty Energy Inc.,watchlist,2026-05-09 18:47:59,4,solid,1.0,Energy,5403268096,-1.2% (declining),stable,9.0% (thin),-10.2% (contracting),32.8% (strong),log=0.45 (cheap),137.2% (strong momentum),EV/Sales
BE,Bloom Energy Corporation,watchlist,2026-05-09 18:48:00,3,average,1.0,Industrials,74248380416,19.1% (moderate),accelerating,-3.5% (negative),+10.7% (expanding),-1.0% (burning cash),log=3.42 (rich),866.9% (strong momentum),EV/Sales
OUST,"Ouster, Inc.",watchlist,2026-05-09 18:48:01,5,solid,1.0,Technology,1604558336,60.4% (strong),accelerating,-128.5% (negative),+127.2% (expanding),-65.9% (burning cash),log=2.06 (fair),139.2% (strong momentum),EV/Sales
SMTC,Semtech Corporation,watchlist,2026-05-09 18:48:02,7,solid,1.0,Technology,11342277632,11.5% (moderate),accelerating,1.4% (thin),+15.5% (expanding),6.5% (positive),log=2.41 (fair),145.4% (strong momentum),EV/Sales
TTD,"The Trade Desk, Inc.",watchlist,2026-05-09 18:48:03,5,solid,1.0,Communication Services,10850100224,22.4% (moderate),decelerating,16.0% (moderate),+6.5% (expanding),36.6% (strong),log=1.27 (cheap),-66.5% (weak momentum),EV/Sales
HUBS,"HubSpot, Inc.",watchlist,2026-05-09 18:48:04,4,solid,1.0,Technology,10107309056,21.8% (moderate),stable,-2.3% (negative),+4.0% (expanding),26.2% (strong),log=0.97 (cheap),-70.9% (weak momentum),EV/Sales
SWKS,"Skyworks Solutions, Inc.",watchlist,2026-05-09 18:48:05,3,average,1.0,Technology,10044110848,-9.3% (declining),accelerating,18.6% (moderate),-8.7% (contracting),43.1% (strong),log=0.89 (cheap),-12.6% (weak momentum),EV/Sales
AIXXF,AIXTRON SE,watchlist,2026-05-09 18:48:06,4,solid,1.0,Technology,6520150528,6.3% (slow),decelerating,21.3% (strong),-3.2% (contracting),21.5% (strong),log=2.54 (rich),217.8% (strong momentum),EV/Sales
SBGSY,Schneider Electric SE ADR,watchlist,2026-05-09 18:48:07,7,solid,1.0,Industrials,180737310720,5.5% (slow),stable,17.1% (moderate),+0.5% (flat),19.2% (strong),log=0.25 (cheap),27.4% (strong momentum),EV/Sales
MXL,"MaxLinear, Inc.",watchlist,2026-05-09 18:48:08,2,average,1.0,Technology,8939373568,-25.3% (declining),accelerating,-23.7% (negative),+2.7% (expanding),3.8% (minimal),log=2.88 (rich),84.4% (strong momentum),EV/Sales
POET,POET Technologies Inc.,watchlist,2026-05-09 18:48:09,2,average,1.0,Technology,1672187392,24.8% (moderate),accelerating,-21469.9% (negative),+27479.2% (expanding),-15031.6% (burning cash),log=6.97 (expensive),59.3% (strong momentum),EV/Sales
